,cost,Memory(GB),PubsubMessageSize(Bytes),duration,function
0,4.6399999999999997e-07,0.256,-,10.0,ImageProcessing_GetInput
1,2.4000000000000003e-06,2,-,306.0,ImagProcessing_Flip
2,2.4000000000000003e-06,2,-,307.0,ImageProcessing_Rotate
3,2.4000000000000003e-06,2,-,371.0,ImageProcessing_Filter
4,2.4000000000000003e-06,2,-,310.0,ImageProcessing_Greyscale
5,2.4000000000000003e-06,2,-,302.0,ImageProcessing_Resize
6,3.725290298461914e-08,-,214.0,1.0,ImageProcessing_GetInput-ImagProcessing_Flip
7,3.725290298461914e-08,-,263.0,0.0,ImagProcessing_Flip-ImageProcessing_Rotate
8,3.725290298461914e-08,-,272.99999999999994,1.0,ImageProcessing_Rotate-ImageProcessing_Filter
9,3.725290298461914e-08,-,278.0,1.0,ImageProcessing_Filter-ImageProcessing_Greyscale
10,3.725290298461914e-08,-,289.0,1.0,ImageProcessing_Greyscale-ImageProcessing_Resize
